{"count":1,"gauges":{},"self":14.4491616,"total":16.8224139,"children":{"AgentResetIfDone":{"count":801,"self":0.0610289,"total":0.0610289,"children":null},"AgentSendState":{"count":801,"self":0.17158379999999998,"total":0.23351529999999998,"children":{"CollectObservations":{"count":1608,"self":0.0619315,"total":0.0619315,"children":null}}},"DecideAction":{"count":801,"self":1.4979977999999998,"total":1.8915821,"children":{"RayPerceptionSensor.Perceive":{"count":1608,"self":0.3935843,"total":0.3935843,"children":null}}},"AcademyStep":{"count":801,"self":0.019007,"total":0.019007,"children":null},"AgentAct":{"count":801,"self":0.1641368,"total":0.1641368,"children":null}}}